title,abstract,publish_time,authors,journal,source_x,year,abstract_word_count,publish_year
COVID-19 and the heart,COVID-19 impacts cardiovascular health significantly.,2020-03-01,Smith J,Lancet,Elsevier,2020,5,2020
Machine Learning for COVID-19,Applications of ML in COVID-19 prediction.,2021-05-15,Lee K,Nature Medicine,Springer,2021,6,2021
Vaccines and Variants,Study on vaccine efficacy against variants.,2021-08-20,Patel R,JAMA,JAMA Network,2021,6,2021
Long-term COVID effects,Research on long COVID symptoms.,2022-02-11,Wang T,BMJ,BMJ,2022,5,2022
AI in Healthcare during Pandemic,AI helped hospitals manage resources.,2020-11-30,Johnson M,NEJM,NEJM,2020,5,2020
COVID-19 in Children,Clinical outcomes of COVID-19 in pediatric cases.,2021-04-10,Ali S,Pediatrics,AAP,2021,7,2021
Mental Health during Pandemic,Impact of isolation on mental health globally.,2020-06-25,Nguyen L,Psychiatry Research,Elsevier,2020,7,2020
COVID-19 Transmission Dynamics,Modeling airborne transmission in urban areas.,2021-01-18,Brown C,Science,AAAS,2021,6,2021
Global Vaccine Rollout,Challenges in equitable vaccine distribution.,2021-09-12,Garcia M,Nature,Springer,2021,5,2021
Telemedicine Adoption,Rise of telemedicine in healthcare during COVID-19.,2020-12-05,Adams P,Health Affairs,Project HOPE,2020,7,2020
COVID-19 and Education,Effect of school closures on learning outcomes.,2021-03-20,Khan R,Education Researcher,AERA,2021,7,2021
Economic Impact of COVID-19,Global financial crisis triggered by pandemic.,2020-07-14,Taylor D,World Economy,Wiley,2020,6,2020
COVID-19 and the heart,COVID-19 impacts cardiovascular health significantly.,2020-03-01,Smith J,Lancet,Elsevier,2020,5,2020
Vaccines and Variants,Study on vaccine efficacy against variants.,2021-08-20,Patel R,JAMA,JAMA Network,2021,6,2021
Long-term COVID effects,Research on long COVID symptoms.,2022-02-11,Wang T,BMJ,BMJ,2022,5,2022
AI in Healthcare during Pandemic,AI helped hospitals manage resources.,2020-11-30,Johnson M,NEJM,NEJM,2020,5,2020
COVID-19 in Children,Clinical outcomes of COVID-19 in pediatric cases.,2021-04-10,Ali S,Pediatrics,AAP,2021,7,2021
Mental Health during Pandemic,Impact of isolation on mental health globally.,2020-06-25,Nguyen L,Psychiatry Research,Elsevier,2020,7,2020
COVID-19 Transmission Dynamics,Modeling airborne transmission in urban areas.,2021-01-18,Brown C,Science,AAAS,2021,6,2021
Global Vaccine Rollout,Challenges in equitable vaccine distribution.,2021-09-12,Gar cia M,Nature,Springer,2021,5,2021
Telemedicine Adoption,Rise of telemedicine in healthcare during COVID-19.,2020-12-05,Adams P,Health Affairs,Project HOPE,2020,7,2020
COVID-19 and Education,Effect of school closures on learning outcomes.,2021-03-20,Khan R,Education Researcher,AERA,2021,7,2021
Economic Impact of COVID-19,Global financial crisis triggered by pandemic.,2020-07-14,Taylor D,World Economy,Wiley,2020,6,2020
